Workbook

Sheet Summary
A1: Burnout and productivity: what problems do 5 million employees report?
A2: Companion to the analysis notebook · synthetic data from Kaggle · key figures link to the 'Groups' sheet
A4: Key figure | B4: Value
A5: Employees | B5: =Groups!D13
A6: Average burnout risk (0-100) | B6: =Groups!F13
A7: Average productivity score (0-100) | B7: =Groups!H13
A8: Share with burnout risk 70+ | B8: =Groups!J13
A9: Share in the low productivity category | B9: =Groups!K13
A10: Warning signs per person (out of 11) | B10: =Groups!L13
A11: Productivity gap, highest vs lowest group | B11: =MAX(Groups!H7:H12)-MIN(Groups!H7:H12)
A12: Burnout gap, highest vs lowest group | B12: =MAX(Groups!F7:F12)-MIN(Groups!F7:F12)
A15: Main findings
A16: 1. Burnout and productivity are linked to different factors. Burnout goes with emotional exhaustion (r 0.51) and stress (0.38); productivity goes with deep work (0.55) and task completion rate (0.36).
A17: 2. Common problems: 65% use devices late at night, 35% sleep under 6 hours, and about 30% report high stress or high emotional exhaustion.
A18: 3. The outcomes barely differ by job title or work mode (less than 0.1 points between occupations); the differences are in individual behaviour.
A19: 4. N1 (low focus + mental strain) has the highest risk: burnout 58.9, productivity 49.5.
A20: 5. The 'High' level (N2, N3, N4) contains three different main problems; N4 combines high productivity (80.4) with high burnout (55.8).
A21: 6. Short sleep and high stress are at the same level in every group, so they need company-wide measures.
A23: Sheets in this file
A24: Workplace problems | B24: Which factors go with burnout and productivity; common warning signs
A25: Groups | B25: The six employee groups: size, outcomes, problem profile
A26: Warning signs by group | B26: Which signs are concentrated in some groups and which are shared by all
A27: Groups within a risk level | B27: How groups at the same risk level differ; correlations inside each group
A28: Actions | B28: Suggested actions and KPIs for each group and for the whole company
A29: Method | B29: How the groups were built, validation figures and limitations

Sheet Workplace problems
A1: Workplace problems: what goes with burnout and low productivity
A2: Pearson correlations on 5 million employees · common warning signs
B4: Minimum |r| to count as a link | C4: 0.05
A6: Correlation of each factor with the two outcomes
A7: Source: reports/02_driver_correlation.csv. The 'direction' columns are formulas using the threshold in C4.
A8: Factor | B8: Factor group | C8: r with burnout | D8: Direction (burnout) | E8: r with productivity | F8: Direction (productivity)
A9: Emotional exhaustion | B9: Mental state | C9: 0.512 | D9: =IF(ABS(C9)<$C$4,"–",IF(C9>0,"Higher burnout","Lower burnout")) | E9: -0.1819 | F9: =IF(ABS(E9)<$C$4,"–",IF(E9>0,"Higher productivity","Lower productivity"))
A10: Stress | B10: Sleep & recovery | C10: 0.3828 | D10: =IF(ABS(C10)<$C$4,"–",IF(C10>0,"Higher burnout","Lower burnout")) | E10: -0.135 | F10: =IF(ABS(E10)<$C$4,"–",IF(E10>0,"Higher productivity","Lower productivity"))
A11: Screen time | B11: Digital load | C11: 0.2208 | D11: =IF(ABS(C11)<$C$4,"–",IF(C11>0,"Higher burnout","Lower burnout")) | E11: -0.0778 | F11: =IF(ABS(E11)<$C$4,"–",IF(E11>0,"Higher productivity","Lower productivity"))
A12: Doomscrolling | B12: Digital load | C12: 0.2003 | D12: =IF(ABS(C12)<$C$4,"–",IF(C12>0,"Higher burnout","Lower burnout")) | E12: -0.0715 | F12: =IF(ABS(E12)<$C$4,"–",IF(E12>0,"Higher productivity","Lower productivity"))
A13: Late-night device use | B13: Digital load | C13: 0.158 | D13: =IF(ABS(C13)<$C$4,"–",IF(C13>0,"Higher burnout","Lower burnout")) | E13: -0.0558 | F13: =IF(ABS(E13)<$C$4,"–",IF(E13>0,"Higher productivity","Lower productivity"))
A14: Distractions per day | B14: Focus & output | C14: 0.1522 | D14: =IF(ABS(C14)<$C$4,"–",IF(C14>0,"Higher burnout","Lower burnout")) | E14: -0.0541 | F14: =IF(ABS(E14)<$C$4,"–",IF(E14>0,"Higher productivity","Lower productivity"))
A15: Notifications per day | B15: Digital load | C15: 0.0967 | D15: =IF(ABS(C15)<$C$4,"–",IF(C15>0,"Higher burnout","Lower burnout")) | E15: -0.0339 | F15: =IF(ABS(E15)<$C$4,"–",IF(E15>0,"Higher productivity","Lower productivity"))
A16: Focus sessions per day | B16: Focus & output | C16: 0.0011 | D16: =IF(ABS(C16)<$C$4,"–",IF(C16>0,"Higher burnout","Lower burnout")) | E16: 0.2301 | F16: =IF(ABS(E16)<$C$4,"–",IF(E16>0,"Higher productivity","Lower productivity"))
A17: Motivation | B17: Mental state | C17: 0.0003 | D17: =IF(ABS(C17)<$C$4,"–",IF(C17>0,"Higher burnout","Lower burnout")) | E17: 0.229 | F17: =IF(ABS(E17)<$C$4,"–",IF(E17>0,"Higher productivity","Lower productivity"))
A18: Workspace quality | B18: Work environment | C18: 0.0001 | D18: =IF(ABS(C18)<$C$4,"–",IF(C18>0,"Higher burnout","Lower burnout")) | E18: 0.1723 | F18: =IF(ABS(E18)<$C$4,"–",IF(E18>0,"Higher productivity","Lower productivity"))
A19: Task completion rate | B19: Focus & output | C19: 0.0001 | D19: =IF(ABS(C19)<$C$4,"–",IF(C19>0,"Higher burnout","Lower burnout")) | E19: 0.3558 | F19: =IF(ABS(E19)<$C$4,"–",IF(E19>0,"Higher productivity","Lower productivity"))
A20: Concentration | B20: Focus & output | C20: 0 | D20: =IF(ABS(C20)<$C$4,"–",IF(C20>0,"Higher burnout","Lower burnout")) | E20: 0.3473 | F20: =IF(ABS(E20)<$C$4,"–",IF(E20>0,"Higher productivity","Lower productivity"))
... A33: Job satisfaction | B33: Mental state | C33: -0.2544 | D33: =IF(ABS(C33)<$C$4,"–",IF(C33>0,"Higher burnout","Lower burnout")) | E33: 0.0905 | F33: =IF(ABS(E33)<$C$4,"–",IF(E33>0,"Higher productivity","Lower productivity"))
A36: Common warning signs
A37: Source: reports/02_red_flags.csv. Share = employees / total on the 'Groups' sheet.
A38: Warning sign | B38: Employees | C38: Share
A39: Late-night device use | B39: 3249966 | C39: =B39/Groups!$D$13
A40: Sleep under 6 h | B40: 1747338 | C40: =B40/Groups!$D$13
A41: High emotional exhaustion (8+) | B41: 1500117 | C41: =B41/Groups!$D$13
A42: High mental fatigue (8+) | B42: 1499460 | C42: =B42/Groups!$D$13
A43: High stress (8+) | B43: 1499416 | C43: =B43/Groups!$D$13
A44: Low job satisfaction (3 or less) | B44: 1498398 | C44: =B44/Groups!$D$13
A45: Low motivation (3 or less) | B45: 1470561 | C45: =B45/Groups!$D$13
A46: Deep work under 2 h | B46: 1370849 | C46: =B46/Groups!$D$13
A47: Screen time over 10 h | B47: 1030392 | C47: =B47/Groups!$D$13
A48: Burnout risk 70+ | B48: 894559 | C48: =B48/Groups!$D$13
A49: Low productivity category | B49: 841484 | C49: =B49/Groups!$D$13
A50: Thresholds (for example sleep under 6 hours, stress of 8+) are analysis choices, defined in src/config.py.

Sheet Groups
A1: Six employee groups
A2: K-Means on 5 million employees · ordered by priority for support · gaps from the average are formulas
A4: Overview
A5: Source: reports/03_segment_summary.csv (exported by the notebook). The 'All' row is weighted by group size.
A6: Code | B6: Group | C6: Risk level | D6: Employees | E6: Share | F6: Burnout avg | G6: Burnout gap | H6: Productivity avg | I6: Productivity gap | J6: % burnout 70+ | K6: % low productivity | L6: Warning signs / person | M6: Risk score
A7: N1 | B7: Low focus + mental strain | C7: Very high | D7: 835607 | E7: =D7/$D$13 | F7: 58.8874 | G7: =F7-$F$13 | H7: 49.5116 | I7: =H7-$H$13 | J7: 0.310119 | K7: 0.49591 | L7: 4.6896 | M7: 1.487
A8: N2 | B8: Heavy device use | C8: High | D8: 829775 | E8: =D8/$D$13 | F8: 54.5617 | G8: =F8-$F$13 | H8: 67.8528 | I8: =H8-$H$13 | J8: 0.241179 | K8: 0.161102 | L8: 3.5881 | M8: 0.4379
A9: N3 | B9: Low focus + low mental strain | C9: High | D9: 836373 | E9: =D9/$D$13 | F9: 41.1937 | G9: =F9-$F$13 | H9: 63.8357 | I9: =H9-$H$13 | J9: 0.089953 | K9: 0.232737 | L9: 2.6939 | M9: 0.3539
A10: N4 | B10: Mental strain + strong focus | C10: High | D10: 839807 | E10: =D10/$D$13 | F10: 55.7589 | G10: =F10-$F$13 | H10: 80.429 | I10: =H10-$H$13 | J10: 0.260729 | K10: 0.047437 | L10: 3.9673 | M10: 0.3251
A11: N5 | B11: Light device use | C11: Low | D11: 824113 | E11: =D11/$D$13 | F11: 42.6029 | G11: =F11-$F$13 | H11: 76.1901 | I11: =H11-$H$13 | J11: 0.100364 | K11: 0.067554 | L11: 2.7466 | M11: 0
A12: N6 | B12: Strong focus + low mental strain | C12: Low | D12: 834325 | E12: =D12/$D$13 | F12: 38.4124 | G12: =F12-$F$13 | H12: 90.8764 | I12: =H12-$H$13 | J12: 0.069985 | K12: 0.003901 | L12: 2.2272 | M12: 0
A13: All | B13: All employees | D13: =SUM(D7:D12) | E13: =SUM(E7:E12) | F13: =SUMPRODUCT($D$7:$D$12,F7:F12)/$D$13 | H13: =SUMPRODUCT($D$7:$D$12,H7:H12)/$D$13 | J13: =SUMPRODUCT($D$7:$D$12,J7:J12)/$D$13 | K13: =SUMPRODUCT($D$7:$D$12,K7:K12)/$D$13 | L13: =SUMPRODUCT($D$7:$D$12,L7:L12)/$D$13
A14: Risk score = how far burnout is above average + how far productivity is below average (in standard deviations). High productivity does not cancel out high burnout.
A34: Problem profile of each group
A35: Standard deviations from the all-employee average; positive (red) = worse than average. Source: reports/03_segment_problem_scores.csv.
A36: Code | B36: Group | C36: Digital overload | D36: Poor recovery | E36: Low focus | F36: Mental strain | G36: Poor environment
A37: N1 | B37: =B7 | C37: 0.0045 | D37: 0.0002 | E37: 1.0257 | F37: 0.982 | G37: -0.0014
A38: N2 | B38: =B8 | C38: 1.0464 | D38: 0.0012 | E38: 0.0168 | F38: -0.0025 | G38: 0.0009
A39: N3 | B39: =B9 | C39: 0.0001 | D39: -0.0007 | E39: 0.9256 | F39: -1.0838 | G39: -0.0005
A40: N4 | B40: =B10 | C40: 0.0002 | D40: 0.0017 | E40: -0.9448 | F40: 1.063 | G40: 0.0012
A41: N5 | B41: =B11 | C41: -1.061 | D41: -0.0043 | E41: 0.0232 | F41: -0.002 | G41: -0.0006
A42: N6 | B42: =B12 | C42: 0.0025 | D42: 0.0019 | E42: -1.0439 | F42: -0.9626 | G42: 0.0005

Sheet Warning signs by group
A1: Warning signs by group
A2: Which signs are concentrated in a few groups, and which are at the same level everywhere (→ company-wide measures)
B4: Max gap for 'all groups' (pp) | C4: 5
A6: Share of each group
A7: Source: reports/03_segment_red_flags.csv. The 'Gap' and 'Scope' columns are formulas.
A8: Warning sign | B8: N1 | C8: N2 | D8: N3 | E8: N4 | F8: N5 | G8: N6 | H8: All | I8: Gap (pp) | J8: Scope of action
A9: Late-night device use | B9: 0.65733 | C9: 0.82767 | D9: 0.65604 | E9: 0.65581 | F9: 0.44455 | G9: 0.65695 | H9: 0.64999 | I9: =(MAX(B9:G9)-MIN(B9:G9))*100 | J9: =IF(I9<$C$4,"Company-wide","By group")
A10: Sleep under 6 h | B10: 0.34974 | C10: 0.34981 | D10: 0.34953 | E10: 0.3496 | F10: 0.34896 | G10: 0.34917 | H10: 0.34947 | I10: =(MAX(B10:G10)-MIN(B10:G10))*100 | J10: =IF(I10<$C$4,"Company-wide","By group")
A11: High emotional exhaustion (8+) | B11: 0.48743 | C11: 0.28104 | D11: 0.11336 | E11: 0.50557 | F11: 0.28118 | G11: 0.13004 | H11: 0.30002 | I11: =(MAX(B11:G11)-MIN(B11:G11))*100 | J11: =IF(I11<$C$4,"Company-wide","By group")
A12: High mental fatigue (8+) | B12: 0.48632 | C12: 0.28185 | D12: 0.1126 | E12: 0.5054 | F12: 0.28135 | G12: 0.13034 | H12: 0.29989 | I12: =(MAX(B12:G12)-MIN(B12:G12))*100 | J12: =IF(I12<$C$4,"Company-wide","By group")
A13: High stress (8+) | B13: 0.29966 | C13: 0.30042 | D13: 0.29876 | E13: 0.30053 | F13: 0.29942 | G13: 0.3005 | H13: 0.29988 | I13: =(MAX(B13:G13)-MIN(B13:G13))*100 | J13: =IF(I13<$C$4,"Company-wide","By group")
A14: Low job satisfaction (3 or less) | B14: 0.48747 | C14: 0.28062 | D14: 0.1128 | E14: 0.5049 | F14: 0.28076 | G14: 0.13001 | H14: 0.29968 | I14: =(MAX(B14:G14)-MIN(B14:G14))*100 | J14: =IF(I14<$C$4,"Company-wide","By group")
A15: Low motivation (3 or less) | B15: 0.47938 | C15: 0.27421 | D15: 0.11074 | E15: 0.49593 | F15: 0.27566 | G15: 0.12726 | H15: 0.29411 | I15: =(MAX(B15:G15)-MIN(B15:G15))*100 | J15: =IF(I15<$C$4,"Company-wide","By group")
A16: Deep work under 2 h | B16: 0.43459 | C16: 0.26265 | D16: 0.41585 | E16: 0.13983 | F16: 0.26449 | G16: 0.12771 | H16: 0.27417 | I16: =(MAX(B16:G16)-MIN(B16:G16))*100 | J16: =IF(I16<$C$4,"Company-wide","By group")
A17: Screen time over 10 h | B17: 0.20167 | C17: 0.32756 | D17: 0.20152 | E17: 0.20151 | F17: 0.1023 | G17: 0.20135 | H17: 0.20608 | I17: =(MAX(B17:G17)-MIN(B17:G17))*100 | J17: =IF(I17<$C$4,"Company-wide","By group")
A18: Burnout risk 70+ | B18: 0.31012 | C18: 0.24118 | D18: 0.08995 | E18: 0.26073 | F18: 0.10036 | G18: 0.06998 | H18: 0.17891 | I18: =(MAX(B18:G18)-MIN(B18:G18))*100 | J18: =IF(I18<$C$4,"Company-wide","By group")
A19: Low productivity category | B19: 0.49591 | C19: 0.1611 | D19: 0.23274 | E19: 0.04744 | F19: 0.06755 | G19: 0.0039 | H19: 0.1683 | I19: =(MAX(B19:G19)-MIN(B19:G19))*100 | J19: =IF(I19<$C$4,"Company-wide","By group")
A20: Rows in bold red have almost the same rate in every group, so grouping does not help to target them; they call for company-wide measures.

Sheet Groups within a risk level
A1: Comparing groups that share a risk level
A2: Does the same risk level mean the same problem? Outcomes, problem profile, behaviour and correlations inside each group
B4: Min |r| to flag a sign change | C4: 0.05
B5: Min |r| for a reliable lever | C5: 0.1
A7: The 'Very high' level has only N1; see the 'Groups' sheet for its profile.
A9: 'High' risk level · N2, N3, N4
A10: Main issue of each group → N2: heavy device use; N3: low focus; N4: mental strain.
A12: a. Outcomes
A13: Linked to the 'Groups' sheet. The last column is the gap between the highest and lowest group.
A14: Measure | B14: N2 | C14: N3 | D14: N4 | E14: All | F14: Gap between groups
A15: Share of employees | B15: =Groups!E8 | C15: =Groups!E9 | D15: =Groups!E10 | E15: =Groups!E13 | F15: =MAX(B15:D15)-MIN(B15:D15)
A16: Burnout avg | B16: =Groups!F8 | C16: =Groups!F9 | D16: =Groups!F10 | E16: =Groups!F13 | F16: =MAX(B16:D16)-MIN(B16:D16)
A17: % burnout 70+ | B17: =Groups!J8 | C17: =Groups!J9 | D17: =Groups!J10 | E17: =Groups!J13 | F17: =MAX(B17:D17)-MIN(B17:D17)
A18: Productivity avg | B18: =Groups!H8 | C18: =Groups!H9 | D18: =Groups!H10 | E18: =Groups!H13 | F18: =MAX(B18:D18)-MIN(B18:D18)
A19: % low productivity | B19: =Groups!K8 | C19: =Groups!K9 | D19: =Groups!K10 | E19: =Groups!K13 | F19: =MAX(B19:D19)-MIN(B19:D19)
A20: Warning signs / person | B20: =Groups!L8 | C20: =Groups!L9 | D20: =Groups!L10 | E20: =Groups!L13 | F20: =MAX(B20:D20)-MIN(B20:D20)
A22: b. Problem profile (standard deviations, positive = worse)
A23: Linked to the problem-profile table on the 'Groups' sheet.
A24: Problem score | B24: N2 | C24: N3 | D24: N4
A25: Digital overload | B25: =Groups!C38 | C25: =Groups!C39 | D25: =Groups!C40
A26: Poor recovery | B26: =Groups!D38 | C26: =Groups!D39 | D26: =Groups!D40
A27: Low focus | B27: =Groups!E38 | C27: =Groups!E39 | D27: =Groups!E40
A28: Mental strain | B28: =Groups!F38 | C28: =Groups!F39 | D28: =Groups!F40
A29: Poor environment | B29: =Groups!G38 | C29: =Groups!G39 | D29: =Groups!G40
A32: c. Behaviours that differ most
A33: Source: reports/04_segment_raw_means.csv. Gap (SD) = (highest - lowest group) / all-employee standard deviation.
A34: Factor | B34: N2 | C34: N3 | D34: N4 | E34: All | F34: SD | G34: Gap (SD) | H34: Factor group
A35: Mental fatigue (1-10) | B35: 5.5034 | C35: 3.9368 | D35: 7.0293 | E35: 5.4996 | F35: 2.872 | G35: =(MAX(B35:D35)-MIN(B35:D35))/F35 | H35: Mental state
A36: Emotional exhaustion (1-10) | B36: 5.4947 | C36: 3.9461 | D36: 7.0339 | E36: 5.502 | F36: 2.8718 | G36: =(MAX(B36:D36)-MIN(B36:D36))/F36 | H36: Mental state
A37: Job satisfaction (1-10) | B37: 5.5061 | C37: 7.0551 | D37: 3.9724 | E37: 5.5009 | F37: 2.8725 | G37: =(MAX(B37:D37)-MIN(B37:D37))/F37 | H37: Mental state
A38: Motivation (1-10) | B38: 5.4949 | C38: 7.0282 | D38: 3.9869 | E38: 5.4895 | F38: 2.8439 | G38: =(MAX(B38:D38)-MIN(B38:D38))/F38 | H38: Mental state
A39: Distractions per day | B39: 60.193 | C39: 74.3791 | D39: 45.4675 | E39: 60.0335 | F39: 34.3501 | G39: =(MAX(B39:D39)-MIN(B39:D39))/F39 | H39: Focus & output
A40: Task completion rate (%) | B40: 69.9019 | C40: 62.6553 | D40: 77.4542 | E40: 69.9973 | F40: 17.6012 | G40: =(MAX(B40:D40)-MIN(B40:D40))/F40 | H40: Focus & output
A41: Focus sessions per day | B41: 4.4948 | C41: 3.301 | D41: 5.7163 | E41: 4.5005 | F41: 2.8727 | G41: =(MAX(B41:D41)-MIN(B41:D41))/F41 | H41: Focus & output
A42: Concentration (1-10) | B42: 5.4837 | C42: 4.3051 | D42: 6.7173 | E42: 5.5012 | F42: 2.8718 | G42: =(MAX(B42:D42)-MIN(B42:D42))/F42 | H42: Focus & output
A43: Deep work (h/day) | B43: 3.0013 | C43: 2.3495 | D43: 3.7491 | E43: 3.0346 | F43: 1.7077 | G43: =(MAX(B43:D43)-MIN(B43:D43))/F43 | H43: Focus & output
A44: Doomscrolling (h/day) | B44: 2.2941 | C44: 1.8278 | D44: 1.8287 | E44: 1.8346 | F44: 1.1322 | G44: =(MAX(B44:D44)-MIN(B44:D44))/F44 | H44: Digital load
A45: Social media (h/day) | B45: 4.2128 | C45: 3.5115 | D45: 3.512 | E45: 3.5173 | F45: 1.7418 | G45: =(MAX(B45:D45)-MIN(B45:D45))/F45 | H45: Digital load
A46: Notifications per day | B46: 253.2146 | C46: 209.2479 | D46: 209.4683 | E46: 209.438 | F46: 109.6646 | G46: =(MAX(B46:D46)-MIN(B46:D46))/F46 | H46: Digital load
... A59: Sleep quality (1-10) | B59: 5.5022 | C59: 5.502 | D59: 5.5014 | E59: 5.5026 | F59: 2.872 | G59: =(MAX(B59:D59)-MIN(B59:D59))/F59 | H59: Sleep & recovery
A62: d. Correlations inside each group
A63: Source: reports/04_within_group_correlation.csv. Bold italic cells with a border: opposite sign to all employees (selection effect). Last two columns: factors with the same direction in every group (formulas using C4 and C5).
A64: Factor | B64: N2 · burnout | C64: N3 · burnout | D64: N4 · burnout | E64: All · burnout | F64: N2 · productivity | G64: N3 · productivity | H64: N4 · productivity | I64: All · productivity | J64: Reliable lever (burnout) | K64: Reliable lever (productivity)
A65: Deep work (h/day) | B65: -0.017 | C65: -0.0252 | D65: -0.0733 | E65: -0.0464 | F65: 0.4899 | G65: 0.4914 | H65: 0.5123 | I65: 0.5546 | J65: =IF(AND(ABS(E65)>=$C$4,ABS(B65)>=$C$5,ABS(C65)>=$C$5,ABS(D65)>=$C$5,SIGN(B65)=SIGN(E65),SIGN(C65)=SIGN(E65),SIGN(D65)=SIGN(E65)),IF(E65>0,"✓ higher burnout","✓ lower burnout"),"") | K65: =IF(AND(ABS(I65)>=$C$4,ABS(F65)>=$C$5,ABS(G65)>=$C$5,ABS(H65)>=$C$5,SIGN(F65)=SIGN(I65),SIGN(G65)=SIGN(I65),SIGN(H65)=SIGN(I65)),IF(I65>0,"✓ higher productivity","✓ lower productivity"),"")
A66: Emotional exhaustion (1-10) | B66: 0.4593 | C66: 0.4388 | D66: 0.438 | E66: 0.512 | F66: -0.1264 | G66: -0.1839 | H66: -0.1763 | I66: -0.1819 | J66: =IF(AND(ABS(E66)>=$C$4,ABS(B66)>=$C$5,ABS(C66)>=$C$5,ABS(D66)>=$C$5,SIGN(B66)=SIGN(E66),SIGN(C66)=SIGN(E66),SIGN(D66)=SIGN(E66)),IF(E66>0,"✓ higher burnout","✓ lower burnout"),"") | K66: =IF(AND(ABS(I66)>=$C$4,ABS(F66)>=$C$5,ABS(G66)>=$C$5,ABS(H66)>=$C$5,SIGN(F66)=SIGN(I66),SIGN(G66)=SIGN(I66),SIGN(H66)=SIGN(I66)),IF(I66>0,"✓ higher productivity","✓ lower productivity"),"")
A67: Stress (1-10) | B67: 0.4113 | C67: 0.4113 | D67: 0.41 | E67: 0.3828 | F67: -0.18 | G67: -0.1682 | H67: -0.1622 | I67: -0.135 | J67: =IF(AND(ABS(E67)>=$C$4,ABS(B67)>=$C$5,ABS(C67)>=$C$5,ABS(D67)>=$C$5,SIGN(B67)=SIGN(E67),SIGN(C67)=SIGN(E67),SIGN(D67)=SIGN(E67)),IF(E67>0,"✓ higher burnout","✓ lower burnout"),"") | K67: =IF(AND(ABS(I67)>=$C$4,ABS(F67)>=$C$5,ABS(G67)>=$C$5,ABS(H67)>=$C$5,SIGN(F67)=SIGN(I67),SIGN(G67)=SIGN(I67),SIGN(H67)=SIGN(I67)),IF(I67>0,"✓ higher productivity","✓ lower productivity"),"")
A68: Task completion rate (%) | B68: 0.0338 | C68: 0.0013 | D68: 0.0105 | E68: 0.0001 | F68: 0.199 | G68: 0.2468 | H68: 0.2115 | I68: 0.3558 | J68: =IF(AND(ABS(E68)>=$C$4,ABS(B68)>=$C$5,ABS(C68)>=$C$5,ABS(D68)>=$C$5,SIGN(B68)=SIGN(E68),SIGN(C68)=SIGN(E68),SIGN(D68)=SIGN(E68)),IF(E68>0,"✓ higher burnout","✓ lower burnout"),"") | K68: =IF(AND(ABS(I68)>=$C$4,ABS(F68)>=$C$5,ABS(G68)>=$C$5,ABS(H68)>=$C$5,SIGN(F68)=SIGN(I68),SIGN(G68)=SIGN(I68),SIGN(H68)=SIGN(I68)),IF(I68>0,"✓ higher productivity","✓ lower productivity"),"")
A69: Concentration (1-10) | B69: 0.0347 | C69: 0.0005 | D69: 0.0115 | E69: 0 | F69: 0.1861 | G69: 0.236 | H69: 0.1986 | I69: 0.3473 | J69: =IF(AND(ABS(E69)>=$C$4,ABS(B69)>=$C$5,ABS(C69)>=$C$5,ABS(D69)>=$C$5,SIGN(B69)=SIGN(E69),SIGN(C69)=SIGN(E69),SIGN(D69)=SIGN(E69)),IF(E69>0,"✓ higher burnout","✓ lower burnout"),"") | K69: =IF(AND(ABS(I69)>=$C$4,ABS(F69)>=$C$5,ABS(G69)>=$C$5,ABS(H69)>=$C$5,SIGN(F69)=SIGN(I69),SIGN(G69)=SIGN(I69),SIGN(H69)=SIGN(I69)),IF(I69>0,"✓ higher productivity","✓ lower productivity"),"")
A70: Job satisfaction (1-10) | B70: -0.1265 | C70: -0.1526 | D70: -0.1532 | E70: -0.2544 | F70: -0.0194 | G70: 0.0653 | H70: 0.0673 | I70: 0.0905 | J70: =IF(AND(ABS(E70)>=$C$4,ABS(B70)>=$C$5,ABS(C70)>=$C$5,ABS(D70)>=$C$5,SIGN(B70)=SIGN(E70),SIGN(C70)=SIGN(E70),SIGN(D70)=SIGN(E70)),IF(E70>0,"✓ higher burnout","✓ lower burnout"),"") | K70: =IF(AND(ABS(I70)>=$C$4,ABS(F70)>=$C$5,ABS(G70)>=$C$5,ABS(H70)>=$C$5,SIGN(F70)=SIGN(I70),SIGN(G70)=SIGN(I70),SIGN(H70)=SIGN(I70)),IF(I70>0,"✓ higher productivity","✓ lower productivity"),"")
A71: Focus sessions per day | B71: 0.0352 | C71: 0.0031 | D71: 0.0112 | E71: 0.0011 | F71: 0.0177 | G71: 0.0855 | H71: 0.0493 | I71: 0.2301 | J71: =IF(AND(ABS(E71)>=$C$4,ABS(B71)>=$C$5,ABS(C71)>=$C$5,ABS(D71)>=$C$5,SIGN(B71)=SIGN(E71),SIGN(C71)=SIGN(E71),SIGN(D71)=SIGN(E71)),IF(E71>0,"✓ higher burnout","✓ lower burnout"),"") | K71: =IF(AND(ABS(I71)>=$C$4,ABS(F71)>=$C$5,ABS(G71)>=$C$5,ABS(H71)>=$C$5,SIGN(F71)=SIGN(I71),SIGN(G71)=SIGN(I71),SIGN(H71)=SIGN(I71)),IF(I71>0,"✓ higher productivity","✓ lower productivity"),"")
A72: Motivation (1-10) | B72: 0.2005 | C72: 0.1329 | D72: 0.1317 | E72: 0.0003 | F72: 0.1987 | G72: 0.2481 | H72: 0.2317 | I72: 0.229 | J72: =IF(AND(ABS(E72)>=$C$4,ABS(B72)>=$C$5,ABS(C72)>=$C$5,ABS(D72)>=$C$5,SIGN(B72)=SIGN(E72),SIGN(C72)=SIGN(E72),SIGN(D72)=SIGN(E72)),IF(E72>0,"✓ higher burnout","✓ lower burnout"),"") | K72: =IF(AND(ABS(I72)>=$C$4,ABS(F72)>=$C$5,ABS(G72)>=$C$5,ABS(H72)>=$C$5,SIGN(F72)=SIGN(I72),SIGN(G72)=SIGN(I72),SIGN(H72)=SIGN(I72)),IF(I72>0,"✓ higher productivity","✓ lower productivity"),"")
A73: Screen time (h/day) | B73: 0.1893 | C73: 0.2126 | D73: 0.2121 | E73: 0.2208 | F73: -0.0606 | G73: -0.0765 | H73: -0.0708 | I73: -0.0778 | J73: =IF(AND(ABS(E73)>=$C$4,ABS(B73)>=$C$5,ABS(C73)>=$C$5,ABS(D73)>=$C$5,SIGN(B73)=SIGN(E73),SIGN(C73)=SIGN(E73),SIGN(D73)=SIGN(E73)),IF(E73>0,"✓ higher burnout","✓ lower burnout"),"") | K73: =IF(AND(ABS(I73)>=$C$4,ABS(F73)>=$C$5,ABS(G73)>=$C$5,ABS(H73)>=$C$5,SIGN(F73)=SIGN(I73),SIGN(G73)=SIGN(I73),SIGN(H73)=SIGN(I73)),IF(I73>0,"✓ higher productivity","✓ lower productivity"),"")
A74: Doomscrolling (h/day) | B74: 0.1743 | C74: 0.1896 | D74: 0.1914 | E74: 0.2003 | F74: -0.0526 | G74: -0.0682 | H74: -0.0627 | I74: -0.0715 | J74: =IF(AND(ABS(E74)>=$C$4,ABS(B74)>=$C$5,ABS(C74)>=$C$5,ABS(D74)>=$C$5,SIGN(B74)=SIGN(E74),SIGN(C74)=SIGN(E74),SIGN(D74)=SIGN(E74)),IF(E74>0,"✓ higher burnout","✓ lower burnout"),"") | K74: =IF(AND(ABS(I74)>=$C$4,ABS(F74)>=$C$5,ABS(G74)>=$C$5,ABS(H74)>=$C$5,SIGN(F74)=SIGN(I74),SIGN(G74)=SIGN(I74),SIGN(H74)=SIGN(I74)),IF(I74>0,"✓ higher productivity","✓ lower productivity"),"")
A75: Workspace quality (1-10) | B75: 0.0002 | C75: 0.0014 | D75: -0.0017 | E75: 0.0001 | F75: 0.2272 | G75: 0.2163 | H75: 0.2076 | I75: 0.1723 | J75: =IF(AND(ABS(E75)>=$C$4,ABS(B75)>=$C$5,ABS(C75)>=$C$5,ABS(D75)>=$C$5,SIGN(B75)=SIGN(E75),SIGN(C75)=SIGN(E75),SIGN(D75)=SIGN(E75)),IF(E75>0,"✓ higher burnout","✓ lower burnout"),"") | K75: =IF(AND(ABS(I75)>=$C$4,ABS(F75)>=$C$5,ABS(G75)>=$C$5,ABS(H75)>=$C$5,SIGN(F75)=SIGN(I75),SIGN(G75)=SIGN(I75),SIGN(H75)=SIGN(I75)),IF(I75>0,"✓ higher productivity","✓ lower productivity"),"")
A76: Late-night device use (0/1) | B76: 0.0907 | C76: 0.1475 | D76: 0.1464 | E76: 0.158 | F76: -0.0178 | G76: -0.046 | H76: -0.0479 | I76: -0.0558 | J76: =IF(AND(ABS(E76)>=$C$4,ABS(B76)>=$C$5,ABS(C76)>=$C$5,ABS(D76)>=$C$5,SIGN(B76)=SIGN(E76),SIGN(C76)=SIGN(E76),SIGN(D76)=SIGN(E76)),IF(E76>0,"✓ higher burnout","✓ lower burnout"),"") | K76: =IF(AND(ABS(I76)>=$C$4,ABS(F76)>=$C$5,ABS(G76)>=$C$5,ABS(H76)>=$C$5,SIGN(F76)=SIGN(I76),SIGN(G76)=SIGN(I76),SIGN(H76)=SIGN(I76)),IF(I76>0,"✓ higher productivity","✓ lower productivity"),"")
... A84: Phone unlocks per day | B84: -0.0588 | C84: -0.0295 | D84: -0.0281 | E84: -0.0002 | F84: 0.0483 | G84: 0.0222 | H84: 0.0225 | I84: 0.0001 | J84: =IF(AND(ABS(E84)>=$C$4,ABS(B84)>=$C$5,ABS(C84)>=$C$5,ABS(D84)>=$C$5,SIGN(B84)=SIGN(E84),SIGN(C84)=SIGN(E84),SIGN(D84)=SIGN(E84)),IF(E84>0,"✓ higher burnout","✓ lower burnout"),"") | K84: =IF(AND(ABS(I84)>=$C$4,ABS(F84)>=$C$5,ABS(G84)>=$C$5,ABS(H84)>=$C$5,SIGN(F84)=SIGN(I84),SIGN(G84)=SIGN(I84),SIGN(H84)=SIGN(I84)),IF(I84>0,"✓ higher productivity","✓ lower productivity"),"")
A85: Why do some cells change sign? The groups were formed from these same measures, so inside a group the measures are tied to each other and some correlations weaken or reverse. Only factors with the same direction in every group should guide decisions.
A88: 'Low' risk level · N5, N6
A89: Main issue of each group → N5: strength - light device use; N6: strength - strong focus.
A91: a. Outcomes
A92: Linked to the 'Groups' sheet. The last column is the gap between the highest and lowest group.
A93: Measure | B93: N5 | C93: N6 | D93: All | E93: Gap between groups
A94: Share of employees | B94: =Groups!E11 | C94: =Groups!E12 | D94: =Groups!E13 | E94: =MAX(B94:C94)-MIN(B94:C94)
A95: Burnout avg | B95: =Groups!F11 | C95: =Groups!F12 | D95: =Groups!F13 | E95: =MAX(B95:C95)-MIN(B95:C95)
A96: % burnout 70+ | B96: =Groups!J11 | C96: =Groups!J12 | D96: =Groups!J13 | E96: =MAX(B96:C96)-MIN(B96:C96)
A97: Productivity avg | B97: =Groups!H11 | C97: =Groups!H12 | D97: =Groups!H13 | E97: =MAX(B97:C97)-MIN(B97:C97)
A98: % low productivity | B98: =Groups!K11 | C98: =Groups!K12 | D98: =Groups!K13 | E98: =MAX(B98:C98)-MIN(B98:C98)
A99: Warning signs / person | B99: =Groups!L11 | C99: =Groups!L12 | D99: =Groups!L13 | E99: =MAX(B99:C99)-MIN(B99:C99)
A101: b. Problem profile (standard deviations, positive = worse)
A102: Linked to the problem-profile table on the 'Groups' sheet.
A103: Problem score | B103: N5 | C103: N6
A104: Digital overload | B104: =Groups!C41 | C104: =Groups!C42
A105: Poor recovery | B105: =Groups!D41 | C105: =Groups!D42
A106: Low focus | B106: =Groups!E41 | C106: =Groups!E42
A107: Mental strain | B107: =Groups!F41 | C107: =Groups!F42
A108: Poor environment | B108: =Groups!G41 | C108: =Groups!G42
A111: c. Behaviours that differ most
A112: Source: reports/04_segment_raw_means.csv. Gap (SD) = (highest - lowest group) / all-employee standard deviation.
A113: Factor | B113: N5 | C113: N6 | D113: All | E113: SD | F113: Gap (SD) | G113: Factor group
A114: Deep work (h/day) | B114: 2.9969 | C114: 3.8328 | D114: 3.0346 | E114: 1.7077 | F114: =(MAX(B114:C114)-MIN(B114:C114))/E114 | G114: Focus & output
A115: Motivation (1-10) | B115: 5.4867 | C115: 6.8559 | D115: 5.4895 | E115: 2.8439 | F115: =(MAX(B115:C115)-MIN(B115:C115))/E115 | G115: Mental state
A116: Emotional exhaustion (1-10) | B116: 5.4979 | C116: 4.1178 | D116: 5.502 | E116: 2.8718 | F116: =(MAX(B116:C116)-MIN(B116:C116))/E116 | G116: Mental state
A117: Mental fatigue (1-10) | B117: 5.4961 | C117: 4.1167 | D117: 5.4996 | E117: 2.872 | F117: =(MAX(B117:C117)-MIN(B117:C117))/E117 | G117: Mental state
A118: Job satisfaction (1-10) | B118: 5.5077 | C118: 6.8845 | D118: 5.5009 | E118: 2.8725 | F118: =(MAX(B118:C118)-MIN(B118:C118))/E118 | G118: Mental state
A119: Concentration (1-10) | B119: 5.4792 | C119: 6.8447 | D119: 5.5012 | E119: 2.8718 | F119: =(MAX(B119:C119)-MIN(B119:C119))/E119 | G119: Focus & output
A120: Distractions per day | B120: 60.2986 | C120: 43.9662 | D120: 60.0335 | E120: 34.3501 | F120: =(MAX(B120:C120)-MIN(B120:C120))/E120 | G120: Focus & output
A121: Focus sessions per day | B121: 4.4775 | C121: 5.8364 | D121: 4.5005 | E121: 2.8727 | F121: =(MAX(B121:C121)-MIN(B121:C121))/E121 | G121: Focus & output
A122: Task completion rate (%) | B122: 69.8857 | C122: 78.2076 | D122: 69.9973 | E122: 17.6012 | F122: =(MAX(B122:C122)-MIN(B122:C122))/E122 | G122: Focus & output
A123: Late-night device use (0/1) | B123: 0.4446 | C123: 0.6569 | D123: 0.65 | E123: 0.477 | F123: =(MAX(B123:C123)-MIN(B123:C123))/E123 | G123: Digital load
A124: Phone unlocks per day | B124: 124.0034 | C124: 157.2272 | D124: 157.0431 | E124: 82.2816 | F124: =(MAX(B124:C124)-MIN(B124:C124))/E124 | G124: Digital load
A125: Notifications per day | B125: 165.3901 | C125: 209.3776 | D125: 209.438 | E125: 109.6646 | F125: =(MAX(B125:C125)-MIN(B125:C125))/E125 | G125: Digital load
... A138: Workspace quality (1-10) | B138: 5.4964 | C138: 5.4968 | D138: 5.4984 | E138: 2.8718 | F138: =(MAX(B138:C138)-MIN(B138:C138))/E138 | G138: Work environment
A141: d. Correlations inside each group
A142: Source: reports/04_within_group_correlation.csv. Bold italic cells with a border: opposite sign to all employees (selection effect). Last two columns: factors with the same direction in every group (formulas using C4 and C5).
A143: Factor | B143: N5 · burnout | C143: N6 · burnout | D143: All · burnout | E143: N5 · productivity | F143: N6 · productivity | G143: All · productivity | H143: Reliable lever (burnout) | I143: Reliable lever (productivity)
A144: Deep work (h/day) | B144: -0.0158 | C144: -0.0277 | D144: -0.0464 | E144: 0.4802 | F144: 0.4567 | G144: 0.5546 | H144: =IF(AND(ABS(D144)>=$C$4,ABS(B144)>=$C$5,ABS(C144)>=$C$5,SIGN(B144)=SIGN(D144),SIGN(C144)=SIGN(D144)),IF(D144>0,"✓ higher burnout","✓ lower burnout"),"") | I144: =IF(AND(ABS(G144)>=$C$4,ABS(E144)>=$C$5,ABS(F144)>=$C$5,SIGN(E144)=SIGN(G144),SIGN(F144)=SIGN(G144)),IF(G144>0,"✓ higher productivity","✓ lower productivity"),"")
A145: Emotional exhaustion (1-10) | B145: 0.4602 | C145: 0.4401 | D145: 0.512 | E145: -0.1258 | F145: -0.0798 | G145: -0.1819 | H145: =IF(AND(ABS(D145)>=$C$4,ABS(B145)>=$C$5,ABS(C145)>=$C$5,SIGN(B145)=SIGN(D145),SIGN(C145)=SIGN(D145)),IF(D145>0,"✓ higher burnout","✓ lower burnout"),"") | I145: =IF(AND(ABS(G145)>=$C$4,ABS(E145)>=$C$5,ABS(F145)>=$C$5,SIGN(E145)=SIGN(G145),SIGN(F145)=SIGN(G145)),IF(G145>0,"✓ higher productivity","✓ lower productivity"),"")
A146: Stress (1-10) | B146: 0.4104 | C146: 0.4105 | D146: 0.3828 | E146: -0.1767 | F146: -0.1654 | G146: -0.135 | H146: =IF(AND(ABS(D146)>=$C$4,ABS(B146)>=$C$5,ABS(C146)>=$C$5,SIGN(B146)=SIGN(D146),SIGN(C146)=SIGN(D146)),IF(D146>0,"✓ higher burnout","✓ lower burnout"),"") | I146: =IF(AND(ABS(G146)>=$C$4,ABS(E146)>=$C$5,ABS(F146)>=$C$5,SIGN(E146)=SIGN(G146),SIGN(F146)=SIGN(G146)),IF(G146>0,"✓ higher productivity","✓ lower productivity"),"")
A147: Task completion rate (%) | B147: 0.0328 | C147: 0.052 | D147: 0.0001 | E147: 0.2001 | F147: 0.1587 | G147: 0.3558 | H147: =IF(AND(ABS(D147)>=$C$4,ABS(B147)>=$C$5,ABS(C147)>=$C$5,SIGN(B147)=SIGN(D147),SIGN(C147)=SIGN(D147)),IF(D147>0,"✓ higher burnout","✓ lower burnout"),"") | I147: =IF(AND(ABS(G147)>=$C$4,ABS(E147)>=$C$5,ABS(F147)>=$C$5,SIGN(E147)=SIGN(G147),SIGN(F147)=SIGN(G147)),IF(G147>0,"✓ higher productivity","✓ lower productivity"),"")
A148: Concentration (1-10) | B148: 0.0349 | C148: 0.0496 | D148: 0 | E148: 0.1853 | F148: 0.1515 | G148: 0.3473 | H148: =IF(AND(ABS(D148)>=$C$4,ABS(B148)>=$C$5,ABS(C148)>=$C$5,SIGN(B148)=SIGN(D148),SIGN(C148)=SIGN(D148)),IF(D148>0,"✓ higher burnout","✓ lower burnout"),"") | I148: =IF(AND(ABS(G148)>=$C$4,ABS(E148)>=$C$5,ABS(F148)>=$C$5,SIGN(E148)=SIGN(G148),SIGN(F148)=SIGN(G148)),IF(G148>0,"✓ higher productivity","✓ lower productivity"),"")
...

Sheet Actions
A1: Starting points for action
A2: The actions are hypotheses to test with a comparison group, then measure again with the listed KPIs
A4: By group (ordered by priority)
A5: Source: reports/05_playbook.csv. Share links to the 'Groups' sheet.
A6: Priority | B6: Code | C6: Group | D6: Risk level | E6: Share | F6: Main problems | G6: Strengths | H6: Suggested actions | I6: KPIs to track
A7: 1 | B7: N1 | C7: Low focus + mental strain | D7: Very high | E7: =Groups!E7 | F7: low focus (+1.03 SD) mental strain (+0.98 SD) | G7: – | H7: • Protected deep-work blocks or meeting-free days; fewer context switches • Training on prioritisation and time management; review the main sources of distraction • Regular 1:1s with managers; review workload and how clear the goals are • Recognition and development plans; access to counselling | I7: Deep-work hours, task completion rate, distractions per day; Emotional exhaustion, job satisfaction, attrition
A8: 2 | B8: N2 | C8: Heavy device use | D8: High | E8: =Groups!E8 | F8: heavy device use (+1.05 SD) | G8: – | H8: • Right-to-disconnect policy after hours; turn off non-urgent notifications • Batch notifications into set times; fewer chat channels; coaching on digital habits | I8: Screen time, % late-night device use, notifications per day
A9: 3 | B9: N3 | C9: Low focus + low mental strain | D9: High | E9: =Groups!E9 | F9: low focus (+0.93 SD) | G9: low mental strain (-1.08 SD) | H9: • Protected deep-work blocks or meeting-free days; fewer context switches • Training on prioritisation and time management; review the main sources of distraction | I9: Deep-work hours, task completion rate, distractions per day
A10: 4 | B10: N4 | C10: Mental strain + strong focus | D10: High | E10: =Groups!E10 | F10: mental strain (+1.06 SD) | G10: strong focus (-0.94 SD) | H10: • Regular 1:1s with managers; review workload and how clear the goals are • Recognition and development plans; access to counselling | I10: Emotional exhaustion, job satisfaction, attrition
A11: 5 | B11: N5 | C11: Light device use | D11: Low | E11: =Groups!E11 | F11: – | G11: light device use (-1.06 SD) | H11: • Keep current practices; use as a comparison group and as peer mentors | I11: Keep current levels; use as a comparison group
A12: 6 | B12: N6 | C12: Strong focus + low mental strain | D12: Low | E12: =Groups!E12 | F12: – | G12: strong focus (-1.04 SD) low mental strain (-0.96 SD) | H12: • Keep current practices; use as a comparison group and as peer mentors | I12: Keep current levels; use as a comparison group
A15: Company-wide
A16: Warning signs at almost the same rate in every group (see 'Warning signs by group').
A17: Warning sign | B17: Share | C17: Gap between groups (pp) | D17: Company-wide action
A18: Sleep under 6 h | B18: 0.3495 | C18: 0.09 | D18: Company-wide sleep health programme; no work messages after 9 pm
A19: High stress (8+) | B19: 0.2999 | C19: 0.18 | D19: Employee assistance programme (EAP) and stress-management training at all levels

Sheet Method
A1: Method and limitations
A2: Short summary; code and details are in the notebook
A4: Item | B4: Detail
A5: Data | B5: 5,000,000 employees × 34 columns; synthetic dataset from Kaggle
A6: Source | B6: https://www.kaggle.com/datasets/aiexplorer77/digital-burnout-and-productivity-analytics
A7: Step 1 | B7: Combine 25 measures into 5 problem scores: Digital overload, Poor recovery, Focus capacity, Mental strain, Work environment
A8: Step 2 | B8: Weight each score by |r| with burnout and with productivity (both outcomes count equally)
A9: Step 3 | B9: Choose k = 6: most stable (ARI of 0.8 or more across 5 runs) and best outcome separation among k = 3-6
A10: Step 4 | B10: K-Means on the full data; checked against Gaussian Mixture and Ward clustering
A11: Stability across 5 runs (ARI) | B11: 0.916
A12: Stability with equal weights (ARI) | B12: 0.35
A13: 300k sample vs full data (ARI) | B13: 0.986
A14: K-Means vs Gaussian Mixture (ARI) | B14: 0.815
A15: K-Means vs Ward (ARI) | B15: 0.264
A16: Silhouette | B16: 0.168
A17: eta² productivity / burnout | B17: 0.373 / 0.133
A18: Limitation 1 | B18: The data is synthetic: the input factors are almost unrelated to each other, which is rare in real data. Re-run on real HR data before making decisions.
A19: Limitation 2 | B19: Correlation is not causation.
A20: Limitation 3 | B20: The low silhouette means there are no natural clusters; the groups are a practical way to divide the risk space.
A21: Limitation 4 | B21: Correlations inside a group can change sign because of how the groups were formed (selection effect / Berkson's paradox).
A22: How to use this file | B22: The workbook uses formulas and recalculates when opened. Blue bold cells on a light-blue fill are inputs you can change.
